<Environment>
 <Fog ViewDistance="8000" ViewDistanceLowSpec="1000" LDRGlobalDensMult="1.0"/>
 <Terrain DetailLayersViewDistRatio="1.0" HeightMapAO="0"/>
 <EnvState WindVector="1,0,0" BreezeGeneration="0" BreezeStrength="1.f" BreezeMovementSpeed="8.f" BreezeVariation="1.f" BreezeLifeTime="15.f" BreezeCount="4" BreezeSpawnRadius="25.f" BreezeSpread="0.f" BreezeRadius="5.f" BreezeAwakeThreshold="0" ConsoleMergedMeshesPool="2750" ShowTerrainSurface="1" SunShadowsMinSpec="1" SunShadowsAdditionalCascadeMinSpec="0" SunShadowsClipPlaneRange="256.0f" SunShadowsClipPlaneRangeShift="0.0f" SunShadowsFromTerrain="0" UseLayersActivation="0" SunLinkedToTOD="1"/>
 <VolFogShadows Enable="0" EnableForClouds="0"/>
 <CloudShadows CloudShadowTexture="" CloudShadowSpeed="0,0,0" CloudShadowTiling="1.0" CloudShadowBrightness="1.0" CloudShadowInvert="0"/>
 <VolumetricCloud HorizonHeight="-1000.0" MaxViewableDistance="100000.0" MaxRayMarchDistance="20000.0" ShadingLOD="0.7" ShadowTilingSize="16000" MaxGlobalCloudDensity="0.04" GlobalCloudNoiseScale="3,3,5" EdgeTurbulenceNoiseScale="1,1,1" EdgeTurbulenceNoiseErode="1" EdgeTurbulenceNoiseAbsolute="1" CloudVolumeTexture="" TilingSize="64000,64000,4000" TilingOffset="0,0,0" RemapCloudDensityMin="0.0" RemapCloudDensityMax="1.0" AdditionalNoiseIntensity="0.2"/>
 <SkyBox Material="EngineAssets/Materials/Sky/Sky" MaterialLowSpec="EngineAssets/Materials/Sky/Sky" Angle="0" Stretching="0.5"/>
 <Ocean Material="EngineAssets/Materials/Water/Ocean_default" CausticDepth="8.0" CausticIntensity="1.0" CausticsTilling="1.0"/>
 <OceanAnimation WindDirection="1.0" WindSpeed="4.0" WavesSpeed="1.0" WavesAmount="1.5" WavesSize="0.4"/>
 <Moon Latitude="240.0" Longitude="45.0" Size="0.5" Texture="EngineAssets/Textures/Skys/Night/half_moon.dds"/>
 <DynTexSource Width="256" Height="256"/>
 <Total_Illumination_v2 Active="0" IntegrationMode="0" InjectionMultiplier="1.0" SkyColorMultiplier="1.0" UseTODSkyColor="0.5" PortalsDeform="0" PortalsInject="0" DiffuseAmplifier="1.0" SpecularAmplifier="1.0" NumberOfBounces="1" Saturation="0.8" PropagationBooster="1.5" DiffuseBias="0.05" DiffuseConeWidth="24" ConeMaxLength="12.0" UpdateLighting="0" UpdateGeometry="0" MinNodeSize="8.0" SkipNonGILights="0" LowSpecMode="-2" HalfresKernelPrimary="0" HalfresKernelSecondary="1" UseLightProbes="0" VoxelizaionLODRatio="1" VoxelPoolResolution="128" SSAOAmount="0.7" ObjectsMaxViewDistance="48" SunRSMInject="0" SSDepthTrace="0" HighGlossOcclusion="0" Troposphere_Active="0" Troposphere_Density="1" Troposphere_Brightness="1.0" AnalyticalOccluders="0" AnalyticalGI="0" TraceVoxels="1" TranslucentBrightness="2.5"/>
</Environment>
